{
	"song": {
		"keyCount": 4,
		"player1": "bf",
		"modchartPath": "",
		"chartOffset": 0,
		"playerKeyCount": 14,
		"notes": [
			{
				"sectionNotes": [
					[
						0,
						2,
						0,
						"default"
					],
					[
						0,
						3,
						0,
						"default"
					],
					[
						0,
						4,
						0,
						"default"
					],
					[
						0,
						5,
						0,
						"default"
					],
					[
						0,
						6,
						0,
						"default"
					],
					[
						0,
						8,
						0,
						"default"
					],
					[
						0,
						9,
						0,
						"default"
					],
					[
						0,
						10,
						0,
						"default"
					],
					[
						0,
						11,
						0,
						"default"
					],
					[
						0,
						12,
						0,
						"default"
					],
					[
						0,
						13,
						0,
						"default"
					],
					[
						232.558139534884,
						1,
						0,
						"default"
					],
					[
						348.837209302326,
						0,
						0,
						"default"
					],
					[
						697.674418604651,
						1,
						0,
						"default"
					],
					[
						813.953488372093,
						0,
						0,
						"default"
					],
					[
						1162.79069767442,
						1,
						0,
						"default"
					],
					[
						1279.06976744186,
						0,
						0,
						"default"
					],
					[
						232.558139534884,
						7,
						0,
						"default"
					],
					[
						697.674418604651,
						7,
						0,
						"default"
					],
					[
						1162.79069767442,
						7,
						0,
						"default"
					],
					[
						348.837209302326,
						7,
						0,
						"default"
					],
					[
						813.953488372093,
						7,
						0,
						"default"
					],
					[
						1279.06976744186,
						7,
						0,
						"default"
					],
					[
						0,
						7,
						0
					],
					[
						0,
						1,
						0
					],
					[
						466.92607003891,
						1,
						0
					],
					[
						933.852140077821,
						1,
						0
					],
					[
						1400.77821011673,
						1,
						0
					],
					[
						1400.77821011673,
						7,
						0
					],
					[
						933.852140077821,
						7,
						0
					],
					[
						466.92607003891,
						7,
						0
					]
				],
				"lengthInSteps": 16,
				"bpm": 0.1,
				"mustHitSection": true
			},
			{
				"sectionNotes": [
					[
						1860.46511627907,
						0,
						0,
						"default"
					],
					[
						1860.46511627907,
						1,
						0,
						"default"
					],
					[
						1860.46511627907,
						2,
						0,
						"default"
					],
					[
						1860.46511627907,
						3,
						0,
						"default"
					],
					[
						1860.46511627907,
						4,
						0,
						"default"
					],
					[
						1860.46511627907,
						5,
						0,
						"default"
					],
					[
						1860.46511627907,
						7,
						0,
						"default"
					],
					[
						1860.46511627907,
						6,
						0,
						"default"
					],
					[
						1860.46511627907,
						8,
						0,
						"default"
					],
					[
						1860.46511627907,
						9,
						0,
						"default"
					],
					[
						1860.46511627907,
						10,
						0,
						"default"
					],
					[
						1860.46511627907,
						11,
						0,
						"default"
					],
					[
						2093.02325581395,
						12,
						0,
						"default"
					],
					[
						2325.58139534884,
						12,
						0,
						"default"
					],
					[
						2558.13953488372,
						12,
						0,
						"default"
					],
					[
						2674.41860465116,
						12,
						0,
						"default"
					],
					[
						2790.6976744186,
						12,
						0,
						"default"
					],
					[
						3023.25581395349,
						12,
						0,
						"default"
					],
					[
						3139.53488372093,
						12,
						0,
						"default"
					],
					[
						3255.81395348837,
						11,
						0,
						"default"
					],
					[
						3255.81395348837,
						9,
						0,
						"default"
					],
					[
						3255.81395348837,
						10,
						0,
						"default"
					],
					[
						3255.81395348837,
						7,
						0,
						"default"
					],
					[
						3255.81395348837,
						8,
						0,
						"default"
					],
					[
						3255.81395348837,
						6,
						0,
						"default"
					],
					[
						3255.81395348837,
						4,
						0,
						"default"
					],
					[
						3255.81395348837,
						5,
						0,
						"default"
					],
					[
						3255.81395348837,
						3,
						0,
						"default"
					],
					[
						3255.81395348837,
						2,
						0,
						"default"
					],
					[
						3255.81395348837,
						1,
						0,
						"default"
					],
					[
						3255.81395348837,
						0,
						0,
						"default"
					],
					[
						2217.89883268482,
						12,
						0
					]
				],
				"lengthInSteps": 16,
				"bpm": 0.1,
				"mustHitSection": true
			},
			{
				"sectionNotes": [
					[
						3968.87159533074,
						11,
						0,
						"default"
					],
					[
						4085.60311284047,
						12,
						0,
						"default"
					],
					[
						4435.79766536965,
						13,
						0,
						"default"
					],
					[
						4552.52918287938,
						13,
						0,
						"default"
					],
					[
						4902.72373540856,
						12,
						0,
						"default"
					],
					[
						5019.45525291829,
						12,
						0,
						"default"
					],
					[
						3968.87159533074,
						1,
						0,
						"default"
					],
					[
						4085.60311284047,
						1,
						0,
						"default"
					],
					[
						4435.79766536965,
						0,
						0,
						"default"
					],
					[
						4552.52918287938,
						0,
						0,
						"default"
					],
					[
						3735.40856031128,
						3,
						0
					],
					[
						3735.40856031128,
						4,
						0
					],
					[
						3735.40856031128,
						5,
						0
					],
					[
						3735.40856031128,
						6,
						0
					],
					[
						3735.40856031128,
						7,
						0
					],
					[
						3735.40856031128,
						9,
						0
					],
					[
						3735.40856031128,
						8,
						0
					],
					[
						3735.40856031128,
						10,
						0
					],
					[
						4202.33463035019,
						13,
						0
					],
					[
						4669.26070038911,
						13,
						0
					],
					[
						5136.18677042802,
						11,
						0
					],
					[
						4669.26070038911,
						0,
						0
					],
					[
						4202.33463035019,
						0,
						0
					],
					[
						5019.45525291829,
						1,
						0
					],
					[
						4902.72373540856,
						1,
						0
					],
					[
						5136.18677042802,
						3,
						0
					]
				],
				"lengthInSteps": 16,
				"bpm": 0.1,