{
	"song": {
		"player1": "bf",
		"keyCount": 4,
		"player2": "bf-pixel-opponent",
		"notes": [
			{
				"lengthInSteps": 16,
				"sectionNotes": [
					[
						0,
						2,
						0,
						"default"
					],
					[
						0,
						3,
						0,
						"default"
					],
					[
						0,
						4,
						0,
						"default"
					],
					[
						0,
						5,
						0,
						"default"
					],
					[
						0,
						6,
						0,
						"default"
					],
					[
						0,
						8,
						0,
						"default"
					],
					[
						0,
						9,
						0,
						"default"
					],
					[
						0,
						10,
						0,
						"default"
					],
					[
						0,
						11,
						0,
						"default"
					],
					[
						0,
						12,
						0,
						"default"
					],
					[
						0,
						13,
						0,
						"default"
					],
					[
						0,
						1,
						117,
						"default"
					],
					[
						232.558139534884,
						1,
						0,
						"default"
					],
					[
						348.837209302326,
						0,
						0,
						"default"
					],
					[
						465.116279069767,
						1,
						117,
						"default"
					],
					[
						697.674418604651,
						1,
						0,
						"default"
					],
					[
						813.953488372093,
						0,
						0,
						"default"
					],
					[
						930.232558139535,
						1,
						117,
						"default"
					],
					[
						1162.79069767442,
						1,
						0,
						"default"
					],
					[
						1279.06976744186,
						0,
						0,
						"default"
					],
					[
						1395.3488372093,
						1,
						120,
						"default"
					],
					[
						0,
						7,
						118,
						"default"
					],
					[
						232.558139534884,
						7,
						0,
						"default"
					],
					[
						697.674418604651,
						7,
						0,
						"default"
					],
					[
						930.232558139535,
						7,
						117,
						"default"
					],
					[
						1162.79069767442,
						7,
						0,
						"default"
					],
					[
						1395.3488372093,
						7,
						117,
						"default"
					],
					[
						348.837209302326,
						7,
						0,
						"default"
					],
					[
						465.116279069767,
						7,
						117,
						"default"
					],
					[
						813.953488372093,
						7,
						0,
						"default"
					],
					[
						1279.06976744186,
						7,
						0,
						"default"
					]
				],
				"mustHitSection": true,
				"bpm": 0.1
			},
			{
				"lengthInSteps": 16,
				"sectionNotes": [
					[
						1860.46511627907,
						0,
						0,
						"default"
					],
					[
						1860.46511627907,
						1,
						0,
						"default"
					],
					[
						1860.46511627907,
						2,
						0,
						"default"
					],
					[
						1860.46511627907,
						3,
						0,
						"default"
					],
					[
						1860.46511627907,
						4,
						0,
						"default"
					],
					[
						1860.46511627907,
						5,
						0,
						"default"
					],
					[
						1860.46511627907,
						7,
						0,
						"default"
					],
					[
						1860.46511627907,
						6,
						0,
						"default"
					],
					[
						1860.46511627907,
						8,
						0,
						"default"
					],
					[
						1860.46511627907,
						9,
						0,
						"default"
					],
					[
						1860.46511627907,
						10,
						0,
						"default"
					],
					[
						1860.46511627907,
						11,
						0,
						"default"
					],
					[
						2093.02325581395,
						12,
						0,
						"default"
					],
					[
						2325.58139534884,
						12,
						0,
						"default"
					],
					[
						2558.13953488372,
						12,
						0,
						"default"
					],
					[
						2674.41860465116,
						12,
						0,
						"default"
					],
					[
						2790.6976744186,
						12,
						0,
						"default"
					],
					[
						3023.25581395349,
						12,
						0,
						"default"
					],
					[
						3139.53488372093,
						12,
						0,
						"default"
					],
					[
						3255.81395348837,
						11,
						0,
						"default"
					],
					[
						3255.81395348837,
						9,
						0,
						"default"
					],
					[
						3255.81395348837,
						10,
						0,
						"default"
					],
					[
						3255.81395348837,
						7,
						0,
						"default"
					],
					[
						3255.81395348837,
						8,
						0,
						"default"
					],
					[
						3255.81395348837,
						6,
						0,
						"default"
					],
					[
						3255.81395348837,
						4,
						0,
						"default"
					],
					[
						3255.81395348837,
						5,
						0,
						"default"
					],
					[
						3255.81395348837,
						3,
						0,
						"default"
					],
					[
						3255.81395348837,
						2,
						0,
						"default"
					],
					[
						3255.81395348837,
						1,
						0,
						"default"
					],
					[
						3255.81395348837,
						0,
						0,
						"default"
					],
					[
						2217.89883268482,
						12,
						0
					]
				],
				"mustHitSection": true,
				"bpm": 0.1
			},
			{
				"lengthInSteps": 16,
				"sectionNotes": [
					[
						3720.93023255814,
						10,
						117,
						"default"
					],
					[
						3720.93023255814,
						9,
						117,
						"default"
					],
					[
						3720.93023255814,
						8,
						117,
						"default"
					],
					[
						3720.93023255814,
						6,
						117,
						"default"
					],
					[
						3720.93023255814,
						7,
						117,
						"default"
					],
					[
						3720.93023255814,
						4,
						117,
						"default"
					],
					[
						3720.93023255814,
						5,
						117,
						"default"
					],
					[
						3720.93023255814,
						3,
						117,
						"default"
					],
					[
						3968.87159533074,
						11,
						0,
						"default"
					],
					[
						4085.60311284047,
						12,
						0,
						"default"
					],
					[
						4202.33463035019,
						13,
						117,
						"default"
					],
					[
						4435.79766536965,
						13,
						0,
						"default"
					],
					[
						4552.52918287938,
						13,
						0,
						"default"
					],
					[
						4669.2607003891,
						13,
						117,
						"default"
					],
					[
						4902.72373540856,
						12,
						0,
						"default"
					],
					[
						5019.45525291829,
						12,
						0,
						"default"
					],
					[
						5136.18677042801,
						11,
						117,
						"default"
					],
					[
						3968.87159533074,
						1,
						0,
						"default"
					],
					[
						4085.60311284047,
						1,
						0,
						"default"
					],
					[
						4202.33463035019,
						0,
						117,
						"default"
					],
					[
						4435.79766536965,
						0,
						0,
						"default"
					],
					[
						4552.52918287938,
						0,
						0,
						"default"
					],
					[
						4669.2607003891,
						0,
						117,
						"default"
					],
					[
						4902.72373540856,
						0,
						0,
						"default"
					],
					[
						5019.45525291829,
						0,
						0,
						"default"
					],
					[
						5136.18677042801,
						3,
						117,
						"default"
					]
				],
				"mustHitSection": true,
				"bpm": 0.1
			},
			{
				"lengthInSteps": 16,