{
	"song": {
		"player1": "bf",
		"player2": "gf",
		"notes": [
			{
				"lengthInSteps": 16,
				"sectionNotes": [
					[
						0,
						1,
						0
					],
					[
						120.967741935484,
						0,
						0
					],
					[
						241.935483870968,
						3,
						0
					],
					[
						483.870967741935,
						1,
						0
					],
					[
						483.870967741935,
						2,
						0
					],
					[
						725.806451612903,
						3,
						0
					],
					[
						725.806451612903,
						1,
						0
					]
				],
				"mustHitSection": true
			},
			{
				"gfSection": false,
				"altAnim": false,
				"typeOfSection": 0,
				"sectionNotes": [
					[
						1935.48387096774,
						0,
						0
					],
					[
						1935.48387096774,
						1,
						0
					],
					[
						2056.45161290323,
						2,
						0
					],
					[
						2177.41935483871,
						3,
						0
					],
					[
						2419.35483870968,
						1,
						0
					],
					[
						2419.35483870968,
						0,
						0
					],
					[
						2540.32258064516,
						2,
						0
					],
					[
						2661.29032258065,
						3,
						0
					],
					[
						2903.22580645161,
						1,
						0
					],
					[
						2903.22580645161,
						2,
						0
					],
					[
						3145.16129032258,
						0,
						0
					],
					[
						3145.16129032258,
						1,
						0
					],
					[
						3145.16129032258,
						3,
						0
					]
				],
				"bpm": 120,
				"sectionBeats": 4,
				"changeBPM": false,
				"mustHitSection": true
			},
			{
				"gfSection": false,
				"altAnim": false,
				"typeOfSection": 0,
				"sectionNotes": [
					[
						3870.96774193548,
						1,
						0
					],
					[
						3870.96774193548,
						2,
						0
					],
					[
						3991.93548387097,
						0,
						0
					],
					[
						4112.90322580645,
						3,
						0
					],
					[
						4354.83870967742,
						1,
						0
					],
					[
						4354.83870967742,
						0,
						0
					],
					[
						4596.77419354839,
						2,
						0
					],
					[
						4838.70967741936,
						1,
						0
					],
					[
						4838.70967741936,
						2,
						0
					],
					[
						5080.64516129032,
						3,
						0
					],
					[
						5080.64516129032,
						0,
						0
					],
					[
						5322.58064516129,
						0,
						241.935483870968
					],
					[
						5322.58064516129,
						3,
						241.935483870968
					],
					[
						5322.58064516129,
						2,
						241.935483870968
					]
				],
				"bpm": 120,
				"sectionBeats": 4,
				"changeBPM": false,
				"mustHitSection": true
			},
			{
				"gfSection": false,
				"altAnim": false,
				"typeOfSection": 0,
				"sectionNotes": [
					[
						5806.45161290323,
						1,
						0
					],
					[
						5927.41935483871,
						3,
						0
					],
					[
						6048.38709677419,
						2,
						0
					],
					[
						6048.38709677419,
						0,
						0
					],
					[
						6290.32258064516,
						1,
						0
					],
					[
						6411.29032258064,
						3,
						0
					],
					[
						6532.25806451613,
						2,
						0
					],
					[
						6532.25806451613,
						0,
						0
					],
					[
						6774.1935483871,
						1,
						0
					],
					[
						6774.1935483871,
						2,
						0
					],
					[
						7016.12903225806,
						3,
						0
					],
					[
						7016.12903225806,
						0,
						0
					]
				],
				"bpm": 120,
				"sectionBeats": 4,
				"changeBPM": false,
				"mustHitSection": true
			},
			{
				"gfSection": false,
				"altAnim": false,
				"typeOfSection": 0,
				"sectionNotes": [
					[
						7741.93548387097,
						0,
						0
					],
					[
						7983.87096774194,
						1,
						0
					],
					[
						8225.8064516129,
						2,
						0
					],
					[
						8467.74193548387,
						3,
						0
					],
					[
						8709.67741935484,
						3,
						241.935483870968
					],
					[
						8709.67741935484,
						2,
						241.935483870968
					],
					[
						9193.54838709677,
						0,
						241.935483870968
					],
					[
						9193.54838709677,
						1,
						241.935483870968
					]
				],
				"bpm": 120,
				"sectionBeats": 4,
				"changeBPM": false,
				"mustHitSection": true
			},
			{
				"gfSection": false,
				"altAnim": false,
				"typeOfSection": 0,
				"sectionNotes": [
					[
						9677.41935483871,
						2,
						0
					],
					[
						9919.35483870968,
						1,
						0
					],
					[
						10161.2903225806,
						3,
						0
					],
					[
						10403.2258064516,
						1,
						0
					],
					[
						10645.1612903226,
						0,
						0
					],
					[
						10887.0967741935,
						2,
						0
					],
					[
						11129.0322580645,
						3,
						120.967741935484
					],
					[
						11370.9677419355,
						0,
						0
					]
				],
				"bpm": 123,
				"sectionBeats": 4,
				"changeBPM": false,
				"mustHitSection": true
			},
			{
				"gfSection": false,
				"altAnim": false,
				"typeOfSection": 0,
				"sectionNotes": [
					[
						12096.7741935484,
						1,
						0
					],
					[
						12096.7741935484,
						2,
						0
					],
					[
						12338.7096774194,
						1,
						0
					],
					[
						12338.7096774194,
						2,
						0
					],
					[
						12338.7096774194,
						3,
						0
					],
					[
						12580.6451612903,
						2,
						0
					],
					[
						12580.6451612903,
						1,
						0
					],
					[
						12822.5806451613,
						3,
						241.935483870968
					],
					[
						12822.5806451613,
						2,
						241.935483870968
					],
					[
						12822.5806451613,
						0,
						241.935483870968
					],
					[
						12822.5806451613,
						1,
						241.935483870968
					]
				],
				"bpm": 123,
				"sectionBeats": 4,
				"changeBPM": false,
				"mustHitSection": true
			},
			{
				"gfSection": false,
				"altAnim": false,
				"typeOfSection": 0,
				"sectionNotes": [
					[
						13548.3870967742,
						1,
						0
					],
					[
						13548.3870967742,
						0,
						0
					],
					[
						13790.3225806452,
						2,
						0
					],
					[
						14032.2580645161,
						1,
						0
					],
					[
						14274.1935483871,
						3,
						0
					],
					[
						14516.1290322581,
						2,
						0
					],
					[
						14758.064516129,
						0,
						0
					],
					[
						14516.1290322581,
						1,
						0
					],
					[
						14758.064516129,
						2,
						0
					],
					[
						15000,
						1,
						0
					],
					[
						15000,
						2,
						0
					],
					[
						15000,
						3,
						0
					],
					[
						15241.935483871,
						1,
						0
					],
					[
						15241.935483871,
						0,
						0
					],
					[
						15241.935483871,
						3,
						0
					]
				],
				"bpm": 123,
				"sectionBeats": 4,
				"changeBPM": false,
				"mustHitSection": true
			},
			{
				"gfSection": false,
				"altAnim": false,
				"typeOfSection": 0,
				"sectionNotes": [
					[
						15967.7419354839,
						1,
						0
					],
					[
						16088.7096774194,
						2,
						0
					],
					[
						16209.6774193548,
						3,
						0
					],
					[
						16451.6129032258,
						1,
						0
					],
					[
						16572.5806451613,
						2,
						0
					],
					[
						16693.5483870968,
						3,
						0
					]
				],
				"bpm": 123,
				"sectionBeats": 4,
				"changeBPM": false,
				"mustHitSection": true
			},
			{
				"gfSection": false,
				"altAnim": false,
				"typeOfSection": 0,
				"sectionNotes": [],
				"bpm": 124,
				"sectionBeats": 4,
				"changeBPM": false,
				"mustHitSection": true
			},
			{
				"gfSection": false,
				"altAnim": false,
				"typeOfSection": 0,
				"sectionNotes": [],
				"bpm": 124,
				"sectionBeats": 4,
				"changeBPM": false,
				"mustHitSection": true
			},
			{
				"gfSection": false,
				"altAnim": false,
				"typeOfSection": 0,
				"sectionNotes": [],
				"bpm": 124,
				"sectionBeats": 4,
				"changeBPM": false,
				"mustHitSection": true
			}
		],
		"event7Value": null,
		"song": "Skibidi Biden",
		"songCreditIcon": "",
		"speed": 3.6,
		"specialAudioName": "",
		"gfVersion": "gf",
		"events": [],
		"songCreditBarPath": "",
		"windowName": "",
		"specialEventsName": "",
		"stage": "stage",
		"needsVoices": false,